연번,회사명,청끌기업분야,업종(대분류),기업규모,평균초임(천원),평균연봉(천원),'25.매출액(백만원),직원수(계),직원수(정규직),직원수(비정규직),워라밸(10점 만점),워라밸 선택항목,직무교육(6점 만점),직무교육 선택항목,복리후생(12점 만점),복리후생 선택항목,소재지,주요제품/서비스,비고(주요 인증제도 등)
1,(주)동화뉴텍,급여,제조업,중견기업,"3,170","58,000","93,538",118,118,0,7,"②근로자 평균 연차 활용률(90% 이상), ③재택근무 제도, ④여성 근로자 육아휴직제도, ⑤남성 근로자 육아휴직제도, ⑥배우자 출산휴가(10일 이상), ⑦가족돌봄 휴직 및 휴가제도, ⑨직장 어린이집 설치",4,"①직장 내 교육훈련(OJT), ②외부기관 위탁교육(연수기관 방문, 강습, 강연 등), ④자기계발비 지원(도서구입비, 교육비 지원 등), ⑤사내동호회 운영",10,"①4대보험 가입, ②퇴직연금, ③인센티브제(성과급), ④야근/휴일수당, ⑤장기근속자 포상, ⑥주택자금 대출, ⑦자녀 학자금 지원, ⑧차량 유지비 지원, ⑨휴양/레저 지원, ⑩의료비 지원",강서구,"공기,가스 압축기",선도기업
2,(주)동화엔텍,급여,제조업,중견기업,"4,000","70,000","331,590",248,241,7,7,"①유연근무제(탄력적 근로시간제, 시차출퇴근제 등), ③재택근무 제도, ④여성 근로자 육아휴직제도, ⑤남성 근로자 육아휴직제도, ⑥배우자 출산휴가(10일 이상), ⑦가족돌봄 휴직 및 휴가제도, ⑨직장 어린이집 설치",5,"①직장 내 교육훈련(OJT), ②외부기관 위탁교육(연수기관 방문, 강습, 강연 등), ③해외연수/워크샵, ④자기계발비 지원(도서구입비, 교육비 지원 등), ⑤사내동호회 운영",12,"①4대보험 가입, ②퇴직연금, ③인센티브제(성과급), ④야근/휴일수당, ⑤장기근속자 포상, ⑥주택자금 대출, ⑦자녀 학자금 지원, ⑧차량 유지비 지원, ⑨휴양/레저 지원, ⑩의료비 지원, ⑪체력단련비 지급, ⑫통신비 지원",강서구,열교환기 및 시스템 UNIT,"여가친화, 고용우수, 청년친화, 가족친화 등"
3,(주)디알액시온,복지,제조업,중견기업,"3,566","53,000","278,461",286,249,37,5,"②근로자 평균 연차 활용률(90% 이상), ④여성 근로자 육아휴직제도, ⑤남성 근로자 육아휴직제도, ⑥배우자 출산휴가(10일 이상), ⑦가족돌봄 휴직 및 휴가제도",5,"①직장 내 교육훈련(OJT), ②외부기관 위탁교육(연수기관 방문, 강습, 강연 등), ③해외연수/워크샵, ④자기계발비 지원(도서구입비, 교육비 지원 등), ⑤사내동호회 운영",7,"①4대보험 가입, ②퇴직연금, ④야근/휴일수당, ⑤장기근속자 포상, ⑥주택자금 대출, ⑦자녀 학자금 지원, ⑧차량 유지비 지원",기장군,자동차 차체용 신품부품 제조업,뿌리기업
4,(주)바이넥스,복지,제조업,중견기업,"2,417","52,000","150,000",805,805,0,6,"①유연근무제(탄력적 근로시간제, 시차출퇴근제 등), ②근로자 평균 연차 활용률(90% 이상), ④여성 근로자 육아휴직제도, ⑤남성 근로자 육아휴직제도, ⑥배우자 출산휴가(10일 이상), ⑦가족돌봄 휴직 및 휴가제도",3,"①직장 내 교육훈련(OJT), ②외부기관 위탁교육(연수기관 방문, 강습, 강연 등), ⑤사내동호회 운영",9,"①4대보험 가입, ②퇴직연금, ③인센티브제(성과급), ④야근/휴일수당, ⑤장기근속자 포상, ⑨휴양/레저 지원, ⑩의료비 지원, ⑪체력단련비 지급, ⑫통신비 지원",사하구,"점안제, 고형제, 원료의약품",청년고용우수
5,(주)삼공사,급여,제조업,중견기업,"2,971","58,370","147,500",153,144,9,4,"④여성 근로자 육아휴직제도, ⑤남성 근로자 육아휴직제도, ⑥배우자 출산휴가(10일 이상), ⑦가족돌봄 휴직 및 휴가제도",3,"①직장 내 교육훈련(OJT), ②외부기관 위탁교육(연수기관 방문, 강습, 강연 등), ④자기계발비 지원(도서구입비, 교육비 지원 등)",9,"①4대보험 가입, ②퇴직연금, ③인센티브제(성과급), ④야근/휴일수당, ⑤장기근속자 포상, ⑦자녀 학자금 지원, ⑧차량 유지비 지원, ⑨휴양/레저 지원, ⑫통신비 지원",강서구,선박구성부분품 제조업,선도기업
6,(주)오리엔탈정공,미래,제조업,중견기업,"3,340","77,450","95,760",125,124,1,4,"④여성 근로자 육아휴직제도, ⑤남성 근로자 육아휴직제도, ⑥배우자 출산휴가(10일 이상), ⑦가족돌봄 휴직 및 휴가제도",4,"①직장 내 교육훈련(OJT), ②외부기관 위탁교육(연수기관 방문, 강습, 강연 등), ④자기계발비 지원(도서구입비, 교육비 지원 등), ⑤사내동호회 운영",12,"①4대보험 가입, ②퇴직연금, ③인센티브제(성과급), ④야근/휴일수당, ⑤장기근속자 포상, ⑥주택자금 대출, ⑦자녀 학자금 지원, ⑧차량 유지비 지원, ⑨휴양/레저 지원, ⑩의료비 지원, ⑪체력단련비 지급, ⑫통신비 지원",강서구,선박구성부분품,워라밸우수기업
7,(주)태광,복지,제조업,중견기업,"2,440","83,000","265,643",365,339,26,2,"④여성 근로자 육아휴직제도, ⑥배우자 출산휴가(10일 이상)",4,"①직장 내 교육훈련(OJT), ②외부기관 위탁교육(연수기관 방문, 강습, 강연 등), ③해외연수/워크샵, ⑤사내동호회 운영",11,"①4대보험 가입, ②퇴직연금, ③인센티브제(성과급), ④야근/휴일수당, ⑤장기근속자 포상, ⑥주택자금 대출, ⑦자녀 학자금 지원, ⑧차량 유지비 지원, ⑨휴양/레저 지원, ⑩의료비 지원, ⑫통신비 지원",강서구,"벤드,철파이프관이음쇠","우수기업, 가족친화"
8,(주)파나시아,급여,제조업,중견기업,"3,083","59,000","195,251",364,341,23,7,"①유연근무제(탄력적 근로시간제, 시차출퇴근제 등), ③재택근무 제도, ④여성 근로자 육아휴직제도, ⑤남성 근로자 육아휴직제도, ⑥배우자 출산휴가(10일 이상), ⑦가족돌봄 휴직 및 휴가제도, ⑨직장 어린이집 설치",4,"①직장 내 교육훈련(OJT), ②외부기관 위탁교육(연수기관 방문, 강습, 강연 등), ④자기계발비 지원(도서구입비, 교육비 지원 등), ⑤사내동호회 운영",10,"①4대보험 가입, ②퇴직연금, ③인센티브제(성과급), ④야근/휴일수당, ⑤장기근속자 포상, ⑥주택자금 대출, ⑦자녀 학자금 지원, ⑧차량 유지비 지원, ⑨휴양/레저 지원, ⑫통신비 지원",강서구,선박구성부분품 제작,"고용우수, 가족친화"
9,SB선보(주),복지,제조업,중견기업,"3,250","50,213","209,345",428,428,0,6,"①유연근무제(탄력적 근로시간제, 시차출퇴근제 등), ③재택근무 제도, ④여성 근로자 육아휴직제도, ⑤남성 근로자 육아휴직제도, ⑥배우자 출산휴가(10일 이상), ⑦가족돌봄 휴직 및 휴가제도",5,"①직장 내 교육훈련(OJT), ②외부기관 위탁교육(연수기관 방문, 강습, 강연 등), ③해외연수/워크샵, ④자기계발비 지원(도서구입비, 교육비 지원 등), ⑤사내동호회 운영",11,"①4대보험 가입, ②퇴직연금, ③인센티브제(성과급), ④야근/휴일수당, ⑤장기근속자 포상, ⑥주택자금 대출, ⑦자녀 학자금 지원, ⑧차량 유지비 지원, ⑨휴양/레저 지원, ⑩의료비 지원, ⑪체력단련비 지급",사하구,FGSS,"가족친화, 청년친화, 고용우수"
10,윌로펌프(주),워라밸,제조업,중견기업,"2,920","70,000","233,419",362,351,11,5,"①유연근무제(탄력적 근로시간제, 시차출퇴근제 등), ④여성 근로자 육아휴직제도, ⑤남성 근로자 육아휴직제도, ⑥배우자 출산휴가(10일 이상), ⑦가족돌봄 휴직 및 휴가제도",3,"①직장 내 교육훈련(OJT), ④자기계발비 지원(도서구입비, 교육비 지원 등), ⑤사내동호회 운영",12,"①4대보험 가입, ②퇴직연금, ③인센티브제(성과급), ④야근/휴일수당, ⑤장기근속자 포상, ⑥주택자금 대출, ⑦자녀 학자금 지원, ⑧차량 유지비 지원, ⑨휴양/레저 지원, ⑩의료비 지원, ⑪체력단련비 지급, ⑫통신비 지원",강서구,펌프,"가족친화, 워라밸우수"
11,조광요턴(주),급여,제조업,중견기업,"3,330","65,040","290,175",395,368,27,7,"①유연근무제(탄력적 근로시간제, 시차출퇴근제 등), ②근로자 평균 연차 활용률(90% 이상), ③재택근무 제도, ④여성 근로자 육아휴직제도, ⑤남성 근로자 육아휴직제도, ⑥배우자 출산휴가(10일 이상), ⑦가족돌봄 휴직 및 휴가제도",3,"①직장 내 교육훈련(OJT), ②외부기관 위탁교육(연수기관 방문, 강습, 강연 등), ③해외연수/워크샵",11,"①4대보험 가입, ②퇴직연금, ③인센티브제(성과급), ④야근/휴일수당, ⑤장기근속자 포상, ⑥주택자금 대출, ⑦자녀 학자금 지원, ⑧차량 유지비 지원, ⑨휴양/레저 지원, ⑩의료비 지원, ⑫통신비 지원",강서구,"유성수지도료, 전기방식기자재",청년고용우수
12,조광페인트(주),급여,제조업,중견기업,"3,380","52,000","194,438",558,532,26,7,"①유연근무제(탄력적 근로시간제, 시차출퇴근제 등), ③재택근무 제도, ④여성 근로자 육아휴직제도, ⑤남성 근로자 육아휴직제도, ⑥배우자 출산휴가(10일 이상), ⑦가족돌봄 휴직 및 휴가제도, ⑨직장 어린이집 설치",5,"①직장 내 교육훈련(OJT), ②외부기관 위탁교육(연수기관 방문, 강습, 강연 등), ③해외연수/워크샵, ④자기계발비 지원(도서구입비, 교육비 지원 등), ⑤사내동호회 운영",9,"①4대보험 가입, ②퇴직연금, ③인센티브제(성과급), ④야근/휴일수당, ⑤장기근속자 포상, ⑦자녀 학자금 지원, ⑧차량 유지비 지원, ⑨휴양/레저 지원, ⑫통신비 지원",사상구,도료,"뿌리기업, 강소기업"
13,태광후지킨(주),급여,제조업,중견기업,"3,170","53,682","683,019",1114,1019,95,5,"④여성 근로자 육아휴직제도, ⑤남성 근로자 육아휴직제도, ⑥배우자 출산휴가(10일 이상), ⑦가족돌봄 휴직 및 휴가제도, ⑨직장 어린이집 설치",4,"①직장 내 교육훈련(OJT), ②외부기관 위탁교육(연수기관 방문, 강습, 강연 등), ④자기계발비 지원(도서구입비, 교육비 지원 등), ⑤사내동호회 운영",11,"①4대보험 가입, ②퇴직연금, ③인센티브제(성과급), ④야근/휴일수당, ⑤장기근속자 포상, ⑥주택자금 대출, ⑦자녀 학자금 지원, ⑧차량 유지비 지원, ⑨휴양/레저 지원, ⑪체력단련비 지급, ⑫통신비 지원",강서구,"반도체 피팅, 밸브 외",청년고용우수
14,효성전기(주),워라밸,제조업,중견기업,"3,167","61,550","265,400",315,315,0,6,"①유연근무제(탄력적 근로시간제, 시차출퇴근제 등), ②근로자 평균 연차 활용률(90% 이상), ④여성 근로자 육아휴직제도, ⑤남성 근로자 육아휴직제도, ⑥배우자 출산휴가(10일 이상), ⑦가족돌봄 휴직 및 휴가제도",3,"①직장 내 교육훈련(OJT), ②외부기관 위탁교육(연수기관 방문, 강습, 강연 등), ⑤사내동호회 운영",7,"①4대보험 가입, ②퇴직연금, ③인센티브제(성과급), ④야근/휴일수당, ⑥주택자금 대출, ⑦자녀 학자금 지원, ⑧차량 유지비 지원",기장군,자동차용 송풍용 모터,
15,(주)KTE,급여,제조업,중소기업,"3,000","79,450","161,000",290,270,20,7,"①유연근무제(탄력적 근로시간제, 시차출퇴근제 등), ②근로자 평균 연차 활용률(90% 이상), ④여성 근로자 육아휴직제도, ⑤남성 근로자 육아휴직제도, ⑥배우자 출산휴가(10일 이상), ⑦가족돌봄 휴직 및 휴가제도, ⑨직장 어린이집 설치",5,"①직장 내 교육훈련(OJT), ②외부기관 위탁교육(연수기관 방문, 강습, 강연 등), ③해외연수/워크샵, ④자기계발비 지원(도서구입비, 교육비 지원 등), ⑤사내동호회 운영",12,"①4대보험 가입, ②퇴직연금, ③인센티브제(성과급), ④야근/휴일수당, ⑤장기근속자 포상, ⑥주택자금 대출, ⑦자녀 학자금 지원, ⑧차량 유지비 지원, ⑨휴양/레저 지원, ⑩의료비 지원, ⑪체력단련비 지급, ⑫통신비 지원",강서구,선박용 전장품,청년고용우수
16,(주)로보스타비에스디,복지,제조업,중소기업,"2,753","35,170","18,420",44,44,0,5,"②근로자 평균 연차 활용률(90% 이상), ④여성 근로자 육아휴직제도, ⑤남성 근로자 육아휴직제도, ⑥배우자 출산휴가(10일 이상), ⑦가족돌봄 휴직 및 휴가제도",3,"①직장 내 교육훈련(OJT), ④자기계발비 지원(도서구입비, 교육비 지원 등), ⑤사내동호회 운영",12,"①4대보험 가입, ②퇴직연금, ③인센티브제(성과급), ④야근/휴일수당, ⑤장기근속자 포상, ⑥주택자금 대출, ⑦자녀 학자금 지원, ⑧차량 유지비 지원, ⑨휴양/레저 지원, ⑩의료비 지원, ⑪체력단련비 지급, ⑫통신비 지원",기장군,산업용로봇과 부품,
17,(주)벰로보틱스,미래,제조업,중소기업,"3,250","50,210","2,548",50,47,3,7,"①유연근무제(탄력적 근로시간제, 시차출퇴근제 등), ②근로자 평균 연차 활용률(90% 이상), ③재택근무 제도, ④여성 근로자 육아휴직제도, ⑤남성 근로자 육아휴직제도, ⑥배우자 출산휴가(10일 이상), ⑦가족돌봄 휴직 및 휴가제도",3,"①직장 내 교육훈련(OJT), ③해외연수/워크샵, ④자기계발비 지원(도서구입비, 교육비 지원 등)",6,"①4대보험 가입, ②퇴직연금, ③인센티브제(성과급), ⑤장기근속자 포상, ⑧차량 유지비 지원, ⑨휴양/레저 지원",강서구,물류로봇 솔루션,"선도기업, 강소기업"
18,(주)부흥,미래,제조업,중소기업,"2,830","53,120","12,327",61,58,3,5,"②근로자 평균 연차 활용률(90% 이상), ④여성 근로자 육아휴직제도, ⑤남성 근로자 육아휴직제도, ⑥배우자 출산휴가(10일 이상), ⑦가족돌봄 휴직 및 휴가제도",3,"①직장 내 교육훈련(OJT), ②외부기관 위탁교육(연수기관 방문, 강습, 강연 등), ⑤사내동호회 운영",6,"①4대보험 가입, ②퇴직연금, ③인센티브제(성과급), ④야근/휴일수당, ⑤장기근속자 포상, ⑧차량 유지비 지원",강서구,금속조립구조재,"선도기업, 가족친화"
19,(주)삼영피팅,복지,제조업,중소기업,"3,100","54,000","33,090",93,93,0,5,"②근로자 평균 연차 활용률(90% 이상), ④여성 근로자 육아휴직제도, ⑤남성 근로자 육아휴직제도, ⑥배우자 출산휴가(10일 이상), ⑦가족돌봄 휴직 및 휴가제도",3,"①직장 내 교육훈련(OJT), ②외부기관 위탁교육(연수기관 방문, 강습, 강연 등), ⑤사내동호회 운영",5,"①4대보험 가입, ②퇴직연금, ③인센티브제(성과급), ④야근/휴일수당, ⑧차량 유지비 지원",강서구,배관자재,가족친화
20,(주)삼우이머션,복지,제조업,중소기업,"2,800","47,000","5,048",103,87,16,5,"④여성 근로자 육아휴직제도, ⑤남성 근로자 육아휴직제도, ⑥배우자 출산휴가(10일 이상), ⑦가족돌봄 휴직 및 휴가제도, ⑧임신기 근로시간 단축 제도",3,"①직장 내 교육훈련(OJT), ③해외연수/워크샵, ④자기계발비 지원(도서구입비, 교육비 지원 등)",5,"①4대보험 가입, ②퇴직연금, ④야근/휴일수당, ⑤장기근속자 포상, ⑪체력단련비 지급",동구,응용소프트웨어 및 장비,"가족친화, 여가친화, 고용우수 등"
21,(주)상떼화장품,워라밸,제조업,중소기업,"2,500","33,280","13,831",50,43,7,3,"②근로자 평균 연차 활용률(90% 이상), ④여성 근로자 육아휴직제도, ⑤남성 근로자 육아휴직제도",2,"②외부기관 위탁교육(연수기관 방문, 강습, 강연 등), ③해외연수/워크샵",7,"①4대보험 가입, ②퇴직연금, ③인센티브제(성과급), ⑤장기근속자 포상, ⑧차량 유지비 지원, ⑨휴양/레저 지원, ⑫통신비 지원",동구,화장품,"선도기업, 고용우수"
22,(주)아미글로벌,워라밸,제조업,중소기업,"2,500","43,000","17,753",82,81,1,5,"①유연근무제(탄력적 근로시간제, 시차출퇴근제 등), ④여성 근로자 육아휴직제도, ⑤남성 근로자 육아휴직제도, ⑥배우자 출산휴가(10일 이상), ⑦가족돌봄 휴직 및 휴가제도",5,"①직장 내 교육훈련(OJT), ②외부기관 위탁교육(연수기관 방문, 강습, 강연 등), ③해외연수/워크샵, ④자기계발비 지원(도서구입비, 교육비 지원 등), ⑤사내동호회 운영",9,"①4대보험 가입, ②퇴직연금, ③인센티브제(성과급), ④야근/휴일수당, ⑤장기근속자 포상, ⑥주택자금 대출, ⑦자녀 학자금 지원, ⑧차량 유지비 지원, ⑫통신비 지원",사하구,정형외과용 의료기기 제조,선도기업
23,(주)아이큐랩,미래,제조업,중소기업,"2,910","68,670","36,970",76,76,0,4,"②근로자 평균 연차 활용률(90% 이상), ④여성 근로자 육아휴직제도, ⑤남성 근로자 육아휴직제도, ⑥배우자 출산휴가(10일 이상)",3,"①직장 내 교육훈련(OJT), ②외부기관 위탁교육(연수기관 방문, 강습, 강연 등), ③해외연수/워크샵",7,"①4대보험 가입, ②퇴직연금, ③인센티브제(성과급), ④야근/휴일수당, ⑤장기근속자 포상, ⑧차량 유지비 지원, ⑨휴양/레저 지원",기장군,반도체소자 제조업,
24,(주)에스알테크,복지,제조업,중소기업,"2,753","39,750","9,519",41,41,0,5,"②근로자 평균 연차 활용률(90% 이상), ④여성 근로자 육아휴직제도, ⑤남성 근로자 육아휴직제도, ⑥배우자 출산휴가(10일 이상), ⑦가족돌봄 휴직 및 휴가제도",4,"①직장 내 교육훈련(OJT), ②외부기관 위탁교육(연수기관 방문, 강습, 강연 등), ④자기계발비 지원(도서구입비, 교육비 지원 등), ⑤사내동호회 운영",12,"①4대보험 가입, ②퇴직연금, ③인센티브제(성과급), ④야근/휴일수당, ⑤장기근속자 포상, ⑥주택자금 대출, ⑦자녀 학자금 지원, ⑧차량 유지비 지원, ⑨휴양/레저 지원, ⑩의료비 지원, ⑪체력단련비 지급, ⑫통신비 지원",기장군,산업용로봇제조업,
25,(주)유니테크노,급여,제조업,중소기업,"2,920","56,000","99,720",377,377,0,4,"④여성 근로자 육아휴직제도, ⑤남성 근로자 육아휴직제도, ⑥배우자 출산휴가(10일 이상), ⑦가족돌봄 휴직 및 휴가제도",4,"①직장 내 교육훈련(OJT), ②외부기관 위탁교육(연수기관 방문, 강습, 강연 등), ③해외연수/워크샵, ⑤사내동호회 운영",7,"①4대보험 가입, ②퇴직연금, ③인센티브제(성과급), ④야근/휴일수당, ⑤장기근속자 포상, ⑧차량 유지비 지원, ⑪체력단련비 지급",사하구,자동차 부품,"고용우수, 선도기업"
26,(주)이노폴,급여,제조업,중소기업,"3,250","60,000",88,88,86,0,5,"①유연근무제(탄력적 근로시간제, 시차출퇴근제 등), ④여성 근로자 육아휴직제도, ⑤남성 근로자 육아휴직제도, ⑥배우자 출산휴가(10일 이상), ⑦가족돌봄 휴직 및 휴가제도",5,"①직장 내 교육훈련(OJT), ②외부기관 위탁교육(연수기관 방문, 강습, 강연 등), ③해외연수/워크샵, ④자기계발비 지원(도서구입비, 교육비 지원 등), ⑤사내동호회 운영",10,"①4대보험 가입, ②퇴직연금, ③인센티브제(성과급), ④야근/휴일수당, ⑤장기근속자 포상, ⑦자녀 학자금 지원, ⑧차량 유지비 지원, ⑨휴양/레저 지원, ⑪체력단련비 지급, ⑫통신비 지원",강서구,분체도료용 수지,"선도기업, 강소기업"
27,(주)케이씨,급여,제조업,중소기업,"2,800","68,880","60,102",130,130,0,4,"①유연근무제(탄력적 근로시간제, 시차출퇴근제 등), ②근로자 평균 연차 활용률(90% 이상), ④여성 근로자 육아휴직제도, ⑥배우자 출산휴가(10일 이상)",3,"①직장 내 교육훈련(OJT), ②외부기관 위탁교육(연수기관 방문, 강습, 강연 등), ⑤사내동호회 운영",4,"①4대보험 가입, ②퇴직연금, ③인센티브제(성과급), ④야근/휴일수당",강서구,방오방식용 산업기계,"선도기업, 강소기업, 이노비즈"
28,(주)코노텍,미래,제조업,중소기업,"2,300","39,120","4,157",44,44,0,5,"②근로자 평균 연차 활용률(90% 이상), ④여성 근로자 육아휴직제도, ⑤남성 근로자 육아휴직제도, ⑥배우자 출산휴가(10일 이상), ⑦가족돌봄 휴직 및 휴가제도",2,"①직장 내 교육훈련(OJT), ②외부기관 위탁교육(연수기관 방문, 강습, 강연 등)",4,"①4대보험 가입, ②퇴직연금, ④야근/휴일수당, ⑤장기근속자 포상",기장군,전기전자제품,선도기업
29,(주)크로시스,워라밸,제조업,중소기업,"2,500","56,640","20,229",33,32,1,4,"②근로자 평균 연차 활용률(90% 이상), ④여성 근로자 육아휴직제도, ⑤남성 근로자 육아휴직제도, ⑥배우자 출산휴가(10일 이상)",5,"①직장 내 교육훈련(OJT), ②외부기관 위탁교육(연수기관 방문, 강습, 강연 등), ③해외연수/워크샵, ④자기계발비 지원(도서구입비, 교육비 지원 등), ⑤사내동호회 운영",5,"①4대보험 가입, ②퇴직연금, ④야근/휴일수당, ⑤장기근속자 포상, ⑩의료비 지원",사하구,액체 여과기 제조업,
30,(주)티허브,미래,제조업,중소기업,"2,500","50,000","3,100",38,35,3,3,"②근로자 평균 연차 활용률(90% 이상), ④여성 근로자 육아휴직제도, ⑥배우자 출산휴가(10일 이상)",5,"①직장 내 교육훈련(OJT), ②외부기관 위탁교육(연수기관 방문, 강습, 강연 등), ③해외연수/워크샵, ④자기계발비 지원(도서구입비, 교육비 지원 등), ⑤사내동호회 운영",7,"①4대보험 가입, ②퇴직연금, ③인센티브제(성과급), ④야근/휴일수당, ⑤장기근속자 포상, ⑦자녀 학자금 지원, ⑫통신비 지원",동래구,IoT 모니터링 플랫폼,
31,(주)펠릭스테크,급여,제조업,중소기업,"3,210","75,000","176,036",102,102,0,4,"④여성 근로자 육아휴직제도, ⑤남성 근로자 육아휴직제도, ⑥배우자 출산휴가(10일 이상), ⑦가족돌봄 휴직 및 휴가제도",4,"①직장 내 교육훈련(OJT), ②외부기관 위탁교육(연수기관 방문, 강습, 강연 등), ③해외연수/워크샵, ⑤사내동호회 운영",9,"①4대보험 가입, ②퇴직연금, ③인센티브제(성과급), ④야근/휴일수당, ⑤장기근속자 포상, ⑦자녀 학자금 지원, ⑧차량 유지비 지원, ⑨휴양/레저 지원, ⑫통신비 지원",강서구,단조품,"고용우수, 벤처기업, 뿌리기업"
32,(주)하트만,워라밸,제조업,중소기업,"2,667","45,000","10,897",67,61,6,6,"①유연근무제(탄력적 근로시간제, 시차출퇴근제 등), ②근로자 평균 연차 활용률(90% 이상), ④여성 근로자 육아휴직제도, ⑤남성 근로자 육아휴직제도, ⑥배우자 출산휴가(10일 이상), ⑦가족돌봄 휴직 및 휴가제도",4,"①직장 내 교육훈련(OJT), ②외부기관 위탁교육(연수기관 방문, 강습, 강연 등), ③해외연수/워크샵, ⑤사내동호회 운영",9,"①4대보험 가입, ②퇴직연금, ③인센티브제(성과급), ④야근/휴일수당, ⑤장기근속자 포상, ⑥주택자금 대출, ⑦자녀 학자금 지원, ⑧차량 유지비 지원, ⑪체력단련비 지급",강서구,내연기관 제조,
33,(주)한미유압기계,복지,제조업,중소기업,"2,750","64,400","38,940",87,79,8,5,"①유연근무제(탄력적 근로시간제, 시차출퇴근제 등), ④여성 근로자 육아휴직제도, ⑤남성 근로자 육아휴직제도, ⑥배우자 출산휴가(10일 이상), ⑦가족돌봄 휴직 및 휴가제도",4,"①직장 내 교육훈련(OJT), ②외부기관 위탁교육(연수기관 방문, 강습, 강연 등), ④자기계발비 지원(도서구입비, 교육비 지원 등), ⑤사내동호회 운영",11,"①4대보험 가입, ②퇴직연금, ③인센티브제(성과급), ④야근/휴일수당, ⑤장기근속자 포상, ⑥주택자금 대출, ⑦자녀 학자금 지원, ⑧차량 유지비 지원, ⑨휴양/레저 지원, ⑩의료비 지원, ⑪체력단련비 지급",사상구,선박엔진용 유압기계,"가족친화, 청년친화, 선도기업"
34,(주)해양드론기술,미래,제조업,중소기업,"2,330","51,510","5,387",61,61,0,6,"①유연근무제(탄력적 근로시간제, 시차출퇴근제 등), ②근로자 평균 연차 활용률(90% 이상), ④여성 근로자 육아휴직제도, ⑤남성 근로자 육아휴직제도, ⑥배우자 출산휴가(10일 이상), ⑦가족돌봄 휴직 및 휴가제도",3,"①직장 내 교육훈련(OJT), ②외부기관 위탁교육(연수기관 방문, 강습, 강연 등), ⑤사내동호회 운영",7,"①4대보험 가입, ②퇴직연금, ③인센티브제(성과급), ④야근/휴일수당, ⑤장기근속자 포상, ⑦자녀 학자금 지원, ⑧차량 유지비 지원",영도구,다목적 드론 서비스 운용플랫폼,
35,(주)화신볼트산업,미래,제조업,중소기업,"3,160","63,000","42,485",150,150,0,5,"②근로자 평균 연차 활용률(90% 이상), ④여성 근로자 육아휴직제도, ⑤남성 근로자 육아휴직제도, ⑥배우자 출산휴가(10일 이상), ⑦가족돌봄 휴직 및 휴가제도",5,"①직장 내 교육훈련(OJT), ②외부기관 위탁교육(연수기관 방문, 강습, 강연 등), ③해외연수/워크샵, ④자기계발비 지원(도서구입비, 교육비 지원 등), ⑤사내동호회 운영",11,"①4대보험 가입, ②퇴직연금, ③인센티브제(성과급), ④야근/휴일수당, ⑤장기근속자 포상, ⑥주택자금 대출, ⑦자녀 학자금 지원, ⑧차량 유지비 지원, ⑨휴양/레저 지원, ⑪체력단련비 지급, ⑫통신비 지원",사하구,"볼트,너트 및 나사 제품","강소기업, 선도기업"
36,(주)화인,워라밸,제조업,중소기업,"3,000","61,550","38,369",86,83,3,4,"④여성 근로자 육아휴직제도, ⑤남성 근로자 육아휴직제도, ⑥배우자 출산휴가(10일 이상), ⑦가족돌봄 휴직 및 휴가제도",1,⑥운영하고 있는 교육·훈련 프로그램이 없음,7,"①4대보험 가입, ②퇴직연금, ③인센티브제(성과급), ④야근/휴일수당, ⑤장기근속자 포상, ⑥주택자금 대출, ⑨휴양/레저 지원",강서구,"자동화기계설비, 환경설비","가족친화, 이노비즈"
37,금오기전(주),미래,제조업,중소기업,"2,583","54,000","32,321",103,99,4,5,"①유연근무제(탄력적 근로시간제, 시차출퇴근제 등), ②근로자 평균 연차 활용률(90% 이상), ④여성 근로자 육아휴직제도, ⑤남성 근로자 육아휴직제도, ⑥배우자 출산휴가(10일 이상)",3,"①직장 내 교육훈련(OJT), ②외부기관 위탁교육(연수기관 방문, 강습, 강연 등), ④자기계발비 지원(도서구입비, 교육비 지원 등)",6,"①4대보험 가입, ②퇴직연금, ③인센티브제(성과급), ④야근/휴일수당, ⑤장기근속자 포상, ⑨휴양/레저 지원",기장군,내연기관전장품 외,"청년친화, 이노비즈"
38,나라오토시스(주),미래,제조업,중소기업,"2,920","45,000","19,146",94,79,15,5,"②근로자 평균 연차 활용률(90% 이상), ④여성 근로자 육아휴직제도, ⑤남성 근로자 육아휴직제도, ⑥배우자 출산휴가(10일 이상), ⑦가족돌봄 휴직 및 휴가제도",5,"①직장 내 교육훈련(OJT), ②외부기관 위탁교육(연수기관 방문, 강습, 강연 등), ③해외연수/워크샵, ④자기계발비 지원(도서구입비, 교육비 지원 등), ⑤사내동호회 운영",8,"①4대보험 가입, ②퇴직연금, ③인센티브제(성과급), ④야근/휴일수당, ⑤장기근속자 포상, ⑥주택자금 대출, ⑦자녀 학자금 지원, ⑨휴양/레저 지원",강서구,"커플링,기어,감속기",선도기업
39,내쇼날시스템(주),워라밸,제조업,중소기업,"3,210","75,000","6,000",20,20,0,7,"①유연근무제(탄력적 근로시간제, 시차출퇴근제 등), ②근로자 평균 연차 활용률(90% 이상), ③재택근무 제도, ④여성 근로자 육아휴직제도, ⑤남성 근로자 육아휴직제도, ⑥배우자 출산휴가(10일 이상), ⑦가족돌봄 휴직 및 휴가제도",5,"①직장 내 교육훈련(OJT), ②외부기관 위탁교육(연수기관 방문, 강습, 강연 등), ③해외연수/워크샵, ④자기계발비 지원(도서구입비, 교육비 지원 등), ⑤사내동호회 운영",8,"①4대보험 가입, ③인센티브제(성과급), ④야근/휴일수당, ⑤장기근속자 포상, ⑧차량 유지비 지원, ⑨휴양/레저 지원, ⑩의료비 지원, ⑫통신비 지원",강서구,용접기 및 산업기계제조업,"이노비즈, 선도기업, 가족친화"
40,대우제약(주),급여,제조업,중소기업,"2,833","41,500","115,077",382,376,6,5,"②근로자 평균 연차 활용률(90% 이상), ④여성 근로자 육아휴직제도, ⑤남성 근로자 육아휴직제도, ⑥배우자 출산휴가(10일 이상), ⑦가족돌봄 휴직 및 휴가제도",4,"①직장 내 교육훈련(OJT), ②외부기관 위탁교육(연수기관 방문, 강습, 강연 등), ③해외연수/워크샵, ④자기계발비 지원(도서구입비, 교육비 지원 등)",8,"①4대보험 가입, ②퇴직연금, ③인센티브제(성과급), ④야근/휴일수당, ⑤장기근속자 포상, ⑧차량 유지비 지원, ⑩의료비 지원, ⑫통신비 지원",사하구,점안제/안과 전문의약품 외,"이노비즈, 선도기업"
41,동서산업(주),워라밸,제조업,중소기업,"2,900","55,000","10,432",72,72,0,6,"②근로자 평균 연차 활용률(90% 이상), ④여성 근로자 육아휴직제도, ⑤남성 근로자 육아휴직제도, ⑥배우자 출산휴가(10일 이상), ⑦가족돌봄 휴직 및 휴가제도, ⑧임신기 근로시간 단축 제도",4,"①직장 내 교육훈련(OJT), ②외부기관 위탁교육(연수기관 방문, 강습, 강연 등), ④자기계발비 지원(도서구입비, 교육비 지원 등), ⑤사내동호회 운영",9,"①4대보험 가입, ②퇴직연금, ③인센티브제(성과급), ④야근/휴일수당, ⑤장기근속자 포상, ⑧차량 유지비 지원, ⑨휴양/레저 지원, ⑩의료비 지원, ⑫통신비 지원",기장군,"메카니칼씰, 패킹 외","청년친화, 우수기업, 가족친화"
42,동아플레이팅(주),미래,제조업,중소기업,"2,500","34,000","5,800",36,35,1,6,"①유연근무제(탄력적 근로시간제, 시차출퇴근제 등), ②근로자 평균 연차 활용률(90% 이상), ③재택근무 제도, ④여성 근로자 육아휴직제도, ⑦가족돌봄 휴직 및 휴가제도, ⑨직장 어린이집 설치",4,"①직장 내 교육훈련(OJT), ②외부기관 위탁교육(연수기관 방문, 강습, 강연 등), ③해외연수/워크샵, ④자기계발비 지원(도서구입비, 교육비 지원 등)",5,"①4대보험 가입, ②퇴직연금, ④야근/휴일수당, ⑤장기근속자 포상, ⑨휴양/레저 지원",강서구,표면처리/자동차부품 제조업,이노비즈
43,동진모타공업(주),워라밸,제조업,중소기업,"2,910","55,000","48,520",44,44,0,4,"④여성 근로자 육아휴직제도, ⑤남성 근로자 육아휴직제도, ⑥배우자 출산휴가(10일 이상), ⑦가족돌봄 휴직 및 휴가제도",3,"①직장 내 교육훈련(OJT), ③해외연수/워크샵, ④자기계발비 지원(도서구입비, 교육비 지원 등)",5,"①4대보험 가입, ②퇴직연금, ④야근/휴일수당, ⑤장기근속자 포상, ⑦자녀 학자금 지원",연제구,자동차부품,메인비즈
44,모전,미래,제조업,중소기업,"3,560","63,000","15,019",41,41,0,3,"④여성 근로자 육아휴직제도, ⑤남성 근로자 육아휴직제도, ⑥배우자 출산휴가(10일 이상)",1,⑥운영하고 있는 교육·훈련 프로그램이 없음,7,"①4대보험 가입, ②퇴직연금, ③인센티브제(성과급), ④야근/휴일수당, ⑧차량 유지비 지원, ⑨휴양/레저 지원, ⑫통신비 지원",강서구,방산부품제조,청년친화
45,부경테크,복지,제조업,중소기업,"2,720","32,600","6,202",17,15,2,7,"①유연근무제(탄력적 근로시간제, 시차출퇴근제 등), ②근로자 평균 연차 활용률(90% 이상), ④여성 근로자 육아휴직제도, ⑤남성 근로자 육아휴직제도, ⑥배우자 출산휴가(10일 이상), ⑦가족돌봄 휴직 및 휴가제도, ⑨직장 어린이집 설치",5,"①직장 내 교육훈련(OJT), ②외부기관 위탁교육(연수기관 방문, 강습, 강연 등), ③해외연수/워크샵, ④자기계발비 지원(도서구입비, 교육비 지원 등), ⑤사내동호회 운영",10,"①4대보험 가입, ②퇴직연금, ③인센티브제(성과급), ④야근/휴일수당, ⑤장기근속자 포상, ⑧차량 유지비 지원, ⑨휴양/레저 지원, ⑩의료비 지원, ⑪체력단련비 지급, ⑫통신비 지원",기장군,전열보드,청년친화
46,부곡스텐레스(주),미래,제조업,중소기업,"2,500","54,060","16,214",32,29,3,6,"①유연근무제(탄력적 근로시간제, 시차출퇴근제 등), ②근로자 평균 연차 활용률(90% 이상), ④여성 근로자 육아휴직제도, ⑤남성 근로자 육아휴직제도, ⑥배우자 출산휴가(10일 이상), ⑦가족돌봄 휴직 및 휴가제도",5,"①직장 내 교육훈련(OJT), ②외부기관 위탁교육(연수기관 방문, 강습, 강연 등), ③해외연수/워크샵, ④자기계발비 지원(도서구입비, 교육비 지원 등), ⑤사내동호회 운영",8,"①4대보험 가입, ③인센티브제(성과급), ④야근/휴일수당, ⑤장기근속자 포상, ⑦자녀 학자금 지원, ⑧차량 유지비 지원, ⑩의료비 지원, ⑪체력단련비 지급",강서구,"스테인리스 파이프, 튜브 외","고용우수, 청년친화, 가족친화"
47,삼덕통상(주),미래,제조업,중소기업,"2,920","46,730","136,282",129,101,28,5,"①유연근무제(탄력적 근로시간제, 시차출퇴근제 등), ②근로자 평균 연차 활용률(90% 이상), ④여성 근로자 육아휴직제도, ⑤남성 근로자 육아휴직제도, ⑥배우자 출산휴가(10일 이상)",3,"①직장 내 교육훈련(OJT), ②외부기관 위탁교육(연수기관 방문, 강습, 강연 등), ⑤사내동호회 운영",7,"①4대보험 가입, ②퇴직연금, ③인센티브제(성과급), ④야근/휴일수당, ⑤장기근속자 포상, ⑨휴양/레저 지원, ⑩의료비 지원",강서구,기타 신발 제조업,"가족친화, 선도기업, 지역강소"
48,삼영엠티(주),급여,제조업,중소기업,"3,250","55,000","102,551",550,550,0,4,"④여성 근로자 육아휴직제도, ⑤남성 근로자 육아휴직제도, ⑥배우자 출산휴가(10일 이상), ⑦가족돌봄 휴직 및 휴가제도",2,"①직장 내 교육훈련(OJT), ②외부기관 위탁교육(연수기관 방문, 강습, 강연 등)",6,"①4대보험 가입, ②퇴직연금, ③인센티브제(성과급), ④야근/휴일수당, ⑤장기근속자 포상, ⑦자녀 학자금 지원",강서구,자동차 알루미늄 다이캐스팅 부품,"이노비즈, 선도기업"
49,삼우엠씨피(주),미래,제조업,중소기업,"2,660","62,000","37,451",63,58,5,4,"④여성 근로자 육아휴직제도, ⑤남성 근로자 육아휴직제도, ⑥배우자 출산휴가(10일 이상), ⑦가족돌봄 휴직 및 휴가제도",3,"①직장 내 교육훈련(OJT), ②외부기관 위탁교육(연수기관 방문, 강습, 강연 등), ③해외연수/워크샵",6,"①4대보험 가입, ②퇴직연금, ③인센티브제(성과급), ④야근/휴일수당, ⑤장기근속자 포상, ⑦자녀 학자금 지원",강서구,조선선박구성부분품,이노비즈
50,삼진식품(주),워라밸,제조업,중소기업,"2,660","55,730","109,498",266,245,21,6,"①유연근무제(탄력적 근로시간제, 시차출퇴근제 등), ③재택근무 제도, ④여성 근로자 육아휴직제도, ⑤남성 근로자 육아휴직제도, ⑥배우자 출산휴가(10일 이상), ⑦가족돌봄 휴직 및 휴가제도",3,"①직장 내 교육훈련(OJT), ②외부기관 위탁교육(연수기관 방문, 강습, 강연 등), ⑤사내동호회 운영",6,"①4대보험 가입, ②퇴직연금, ③인센티브제(성과급), ④야근/휴일수당, ⑤장기근속자 포상, ⑩의료비 지원",영도구,어묵 및 유사제품,가족친화
51,삼호정밀,복지,제조업,중소기업,"2,900","53,128","11,566",37,37,0,5,"①유연근무제(탄력적 근로시간제, 시차출퇴근제 등), ④여성 근로자 육아휴직제도, ⑤남성 근로자 육아휴직제도, ⑥배우자 출산휴가(10일 이상), ⑦가족돌봄 휴직 및 휴가제도",5,"①직장 내 교육훈련(OJT), ②외부기관 위탁교육(연수기관 방문, 강습, 강연 등), ③해외연수/워크샵, ④자기계발비 지원(도서구입비, 교육비 지원 등), ⑤사내동호회 운영",6,"①4대보험 가입, ②퇴직연금, ③인센티브제(성과급), ④야근/휴일수당, ⑤장기근속자 포상, ⑧차량 유지비 지원",강서구,기계부품 외,"메인비즈, 이노비즈"
52,세진밸브공업(주),미래,제조업,중소기업,"2,667","62,000","38,290",93,93,0,7,"①유연근무제(탄력적 근로시간제, 시차출퇴근제 등), ②근로자 평균 연차 활용률(90% 이상), ③재택근무 제도, ④여성 근로자 육아휴직제도, ⑤남성 근로자 육아휴직제도, ⑥배우자 출산휴가(10일 이상), ⑦가족돌봄 휴직 및 휴가제도",2,"①직장 내 교육훈련(OJT), ②외부기관 위탁교육(연수기관 방문, 강습, 강연 등)",8,"①4대보험 가입, ②퇴직연금, ③인센티브제(성과급), ④야근/휴일수당, ⑤장기근속자 포상, ⑧차량 유지비 지원, ⑩의료비 지원, ⑫통신비 지원",강서구,버터플라이 밸브,"이노비즈, 선도기업"
53,아쿠아셀(주),복지,제조업,중소기업,"2,410","40,000","8,000",27,22,5,7,"①유연근무제(탄력적 근로시간제, 시차출퇴근제 등), ②근로자 평균 연차 활용률(90% 이상), ③재택근무 제도, ④여성 근로자 육아휴직제도, ⑤남성 근로자 육아휴직제도, ⑥배우자 출산휴가(10일 이상), ⑦가족돌봄 휴직 및 휴가제도",2,"①직장 내 교육훈련(OJT), ②외부기관 위탁교육(연수기관 방문, 강습, 강연 등)",5,"①4대보험 가입, ②퇴직연금, ④야근/휴일수당, ⑤장기근속자 포상, ⑧차량 유지비 지원",강서구,"탈취기, 습식집진기 외","가족친화, 선도기업"
54,엠티코리아(주),급여,제조업,중소기업,"2,833","45,000","15,830",34,34,0,3,"②근로자 평균 연차 활용률(90% 이상), ④여성 근로자 육아휴직제도, ⑥배우자 출산휴가(10일 이상)",4,"①직장 내 교육훈련(OJT), ②외부기관 위탁교육(연수기관 방문, 강습, 강연 등), ③해외연수/워크샵, ⑤사내동호회 운영",6,"①4대보험 가입, ②퇴직연금, ③인센티브제(성과급), ④야근/휴일수당, ⑤장기근속자 포상, ⑧차량 유지비 지원",강서구,"Q.A.V, A.H.C","고용우수, 이노비즈"
55,영도산업(주),급여,제조업,중소기업,"3,500","60,000","48,054",209,191,18,4,"②근로자 평균 연차 활용률(90% 이상), ④여성 근로자 육아휴직제도, ⑤남성 근로자 육아휴직제도, ⑥배우자 출산휴가(10일 이상)",3,"①직장 내 교육훈련(OJT), ②외부기관 위탁교육(연수기관 방문, 강습, 강연 등), ⑤사내동호회 운영",5,"①4대보험 가입, ②퇴직연금, ③인센티브제(성과급), ④야근/휴일수당, ⑤장기근속자 포상",강서구,벨브,
56,욱성화학(주),복지,제조업,중소기업,"3,100","137,000","77,314",173,173,0,4,"②근로자 평균 연차 활용률(90% 이상), ④여성 근로자 육아휴직제도, ⑥배우자 출산휴가(10일 이상), ⑦가족돌봄 휴직 및 휴가제도",3,"①직장 내 교육훈련(OJT), ②외부기관 위탁교육(연수기관 방문, 강습, 강연 등), ④자기계발비 지원(도서구입비, 교육비 지원 등)",9,"①4대보험 가입, ②퇴직연금, ③인센티브제(성과급), ④야근/휴일수당, ⑤장기근속자 포상, ⑥주택자금 대출, ⑦자녀 학자금 지원, ⑧차량 유지비 지원, ⑫통신비 지원",금정구,기초화합물제조업,"선도기업, 이노비즈"
57,원광밸브(주),워라밸,제조업,중소기업,"2,660","45,000","47,217",161,161,0,4,"②근로자 평균 연차 활용률(90% 이상), ④여성 근로자 육아휴직제도, ⑤남성 근로자 육아휴직제도, ⑥배우자 출산휴가(10일 이상)",2,"①직장 내 교육훈련(OJT), ②외부기관 위탁교육(연수기관 방문, 강습, 강연 등)",5,"①4대보험 가입, ②퇴직연금, ③인센티브제(성과급), ④야근/휴일수당, ⑤장기근속자 포상",강서구,밸브 및 배관자재,선도기업
58,(주)원풍산업,미래,제조업,중소기업,"2,750","63,000","37,240",53,53,0,4,"②근로자 평균 연차 활용률(90% 이상), ④여성 근로자 육아휴직제도, ⑤남성 근로자 육아휴직제도, ⑥배우자 출산휴가(10일 이상)",3,"①직장 내 교육훈련(OJT), ②외부기관 위탁교육(연수기관 방문, 강습, 강연 등), ④자기계발비 지원(도서구입비, 교육비 지원 등)",8,"①4대보험 가입, ②퇴직연금, ③인센티브제(성과급), ④야근/휴일수당, ⑤장기근속자 포상, ⑧차량 유지비 지원, ⑨휴양/레저 지원, ⑩의료비 지원",기장군,자동차,
59,위니코니(주),미래,제조업,중소기업,"2,540","50,000","11,211",35,35,0,4,"②근로자 평균 연차 활용률(90% 이상), ④여성 근로자 육아휴직제도, ⑤남성 근로자 육아휴직제도, ⑥배우자 출산휴가(10일 이상)",4,"①직장 내 교육훈련(OJT), ③해외연수/워크샵, ④자기계발비 지원(도서구입비, 교육비 지원 등), ⑤사내동호회 운영",6,"①4대보험 가입, ②퇴직연금, ③인센티브제(성과급), ④야근/휴일수당, ⑤장기근속자 포상, ⑧차량 유지비 지원",기장군,기타 오락용품(물놀이용튜브),"메인비즈, 이노비즈"
60,제일일렉트릭(주),미래,제조업,중소기업,"3,000","55,810","154,958",400,353,47,7,"①유연근무제(탄력적 근로시간제, 시차출퇴근제 등), ②근로자 평균 연차 활용률(90% 이상), ③재택근무 제도, ④여성 근로자 육아휴직제도, ⑤남성 근로자 육아휴직제도, ⑥배우자 출산휴가(10일 이상), ⑦가족돌봄 휴직 및 휴가제도",3,"①직장 내 교육훈련(OJT), ②외부기관 위탁교육(연수기관 방문, 강습, 강연 등), ③해외연수/워크샵",10,"①4대보험 가입, ②퇴직연금, ③인센티브제(성과급), ④야근/휴일수당, ⑤장기근속자 포상, ⑦자녀 학자금 지원, ⑧차량 유지비 지원, ⑨휴양/레저 지원, ⑩의료비 지원, ⑫통신비 지원",사하구,전기회로개폐보호및접속장치,가족친화
61,(주)슬래시비슬래시,미래,제조업,중소기업,"2,330","45,110","18,300",70,53,17,5,"②근로자 평균 연차 활용률(90% 이상), ④여성 근로자 육아휴직제도, ⑤남성 근로자 육아휴직제도, ⑥배우자 출산휴가(10일 이상), ⑦가족돌봄 휴직 및 휴가제도",3,"①직장 내 교육훈련(OJT), ③해외연수/워크샵, ④자기계발비 지원(도서구입비, 교육비 지원 등)",5,"①4대보험 가입, ②퇴직연금, ④야근/휴일수당, ⑧차량 유지비 지원, ⑫통신비 지원",해운대구,모바일 액세서리,"우수기업, 선도기업"
62,(주)오리엔트조선소,미래,제조업,중소기업,"2,583","54,000","44,883",93,93,0,5,"③재택근무 제도, ④여성 근로자 육아휴직제도, ⑤남성 근로자 육아휴직제도, ⑥배우자 출산휴가(10일 이상), ⑦가족돌봄 휴직 및 휴가제도",4,"①직장 내 교육훈련(OJT), ②외부기관 위탁교육(연수기관 방문, 강습, 강연 등), ③해외연수/워크샵, ⑤사내동호회 운영",6,"①4대보험 가입, ②퇴직연금, ③인센티브제(성과급), ④야근/휴일수당, ⑤장기근속자 포상, ⑫통신비 지원",사하구,선박건조 및 수리 외,
63,(주)용진터보,워라밸,제조업,중소기업,"2,750","55,000","23,197",39,36,3,5,"②근로자 평균 연차 활용률(90% 이상), ④여성 근로자 육아휴직제도, ⑤남성 근로자 육아휴직제도, ⑥배우자 출산휴가(10일 이상), ⑦가족돌봄 휴직 및 휴가제도",0,(해당없음),6,"①4대보험 가입, ②퇴직연금, ③인센티브제(성과급), ④야근/휴일수당, ⑤장기근속자 포상, ⑫통신비 지원",사하구,선박수리업 외,
64,(주)케이시스,복지,제조업,중소기업,"2,580","58,280","33,647",65,65,0,5,"①유연근무제(탄력적 근로시간제, 시차출퇴근제 등), ②근로자 평균 연차 활용률(90% 이상), ④여성 근로자 육아휴직제도, ⑥배우자 출산휴가(10일 이상), ⑦가족돌봄 휴직 및 휴가제도",5,"①직장 내 교육훈련(OJT), ②외부기관 위탁교육(연수기관 방문, 강습, 강연 등), ③해외연수/워크샵, ④자기계발비 지원(도서구입비, 교육비 지원 등), ⑤사내동호회 운영",9,"①4대보험 가입, ②퇴직연금, ③인센티브제(성과급), ④야근/휴일수당, ⑤장기근속자 포상, ⑧차량 유지비 지원, ⑨휴양/레저 지원, ⑪체력단련비 지급, ⑫통신비 지원",부산진구,LED전광판,"선도기업, 메인비즈, 청년친화, 가족친화"
65,(주)씨넷,워라밸,제조업,중소기업,"2,750","41,110","36,000",126,122,4,6,"①유연근무제(탄력적 근로시간제, 시차출퇴근제 등), ②근로자 평균 연차 활용률(90% 이상), ④여성 근로자 육아휴직제도, ⑤남성 근로자 육아휴직제도, ⑥배우자 출산휴가(10일 이상), ⑦가족돌봄 휴직 및 휴가제도",5,"①직장 내 교육훈련(OJT), ②외부기관 위탁교육(연수기관 방문, 강습, 강연 등), ③해외연수/워크샵, ④자기계발비 지원(도서구입비, 교육비 지원 등), ⑤사내동호회 운영",12,"①4대보험 가입, ②퇴직연금, ③인센티브제(성과급), ④야근/휴일수당, ⑤장기근속자 포상, ⑥주택자금 대출, ⑦자녀 학자금 지원, ⑧차량 유지비 지원, ⑨휴양/레저 지원, ⑩의료비 지원, ⑪체력단련비 지급, ⑫통신비 지원",영도구,선박 항해 통신 장비,"고용우수, 선도기업, 가족친화"
66,(주)지비라이트,워라밸,제조업,중소기업,"2,750","48,230","56,200",107,101,6,5,"①유연근무제(탄력적 근로시간제, 시차출퇴근제 등), ④여성 근로자 육아휴직제도, ⑤남성 근로자 육아휴직제도, ⑥배우자 출산휴가(10일 이상), ⑦가족돌봄 휴직 및 휴가제도",4,"①직장 내 교육훈련(OJT), ②외부기관 위탁교육(연수기관 방문, 강습, 강연 등), ③해외연수/워크샵, ⑤사내동호회 운영",9,"①4대보험 가입, ②퇴직연금, ③인센티브제(성과급), ④야근/휴일수당, ⑤장기근속자 포상, ⑧차량 유지비 지원, ⑨휴양/레저 지원, ⑩의료비 지원, ⑪체력단련비 지급",강서구,하이브리드코팅(재귀반사제품),"청년친화, 강소기업, 여가친화"
67,케이에스비세일주식회사,복지,제조업,중소기업,"3,160","75,670","52,156",113,113,0,7,"①유연근무제(탄력적 근로시간제, 시차출퇴근제 등), ②근로자 평균 연차 활용률(90% 이상), ③재택근무 제도, ④여성 근로자 육아휴직제도, ⑤남성 근로자 육아휴직제도, ⑥배우자 출산휴가(10일 이상), ⑦가족돌봄 휴직 및 휴가제도",4,"①직장 내 교육훈련(OJT), ②외부기관 위탁교육(연수기관 방문, 강습, 강연 등), ③해외연수/워크샵, ⑤사내동호회 운영",11,"①4대보험 가입, ②퇴직연금, ③인센티브제(성과급), ④야근/휴일수당, ⑤장기근속자 포상, ⑦자녀 학자금 지원, ⑧차량 유지비 지원, ⑨휴양/레저 지원, ⑩의료비 지원, ⑪체력단련비 지급, ⑫통신비 지원",강서구,조선 기자재,
68,한라IMS(주),복지,제조업,중소기업,"3,030","143,460","131,636",223,207,16,8,"①유연근무제(탄력적 근로시간제, 시차출퇴근제 등), ②근로자 평균 연차 활용률(90% 이상), ③재택근무 제도, ④여성 근로자 육아휴직제도, ⑤남성 근로자 육아휴직제도, ⑥배우자 출산휴가(10일 이상), ⑦가족돌봄 휴직 및 휴가제도, ⑨직장 어린이집 설치",5,"①직장 내 교육훈련(OJT), ②외부기관 위탁교육(연수기관 방문, 강습, 강연 등), ③해외연수/워크샵, ④자기계발비 지원(도서구입비, 교육비 지원 등), ⑤사내동호회 운영",10,"①4대보험 가입, ②퇴직연금, ③인센티브제(성과급), ⑤장기근속자 포상, ⑥주택자금 대출, ⑦자녀 학자금 지원, ⑧차량 유지비 지원, ⑨휴양/레저 지원, ⑩의료비 지원, ⑫통신비 지원",강서구,제어기기 및 시스템,
69,현항공산업(주),복지,제조업,중소기업,"2,670","42,000","37,684",168,168,0,5,"②근로자 평균 연차 활용률(90% 이상), ④여성 근로자 육아휴직제도, ⑤남성 근로자 육아휴직제도, ⑥배우자 출산휴가(10일 이상), ⑦가족돌봄 휴직 및 휴가제도",3,"①직장 내 교육훈련(OJT), ②외부기관 위탁교육(연수기관 방문, 강습, 강연 등), ④자기계발비 지원(도서구입비, 교육비 지원 등)",8,"①4대보험 가입, ②퇴직연금, ④야근/휴일수당, ⑤장기근속자 포상, ⑦자녀 학자금 지원, ⑧차량 유지비 지원, ⑨휴양/레저 지원, ⑩의료비 지원",강서구,항공기 부품,"가족친화, 이노비즈"
70,협성철광(주),미래,제조업,중소기업,"2,750","63,870","3,700",20,19,1,2,"③재택근무 제도, ⑥배우자 출산휴가(10일 이상)",3,"①직장 내 교육훈련(OJT), ②외부기관 위탁교육(연수기관 방문, 강습, 강연 등), ③해외연수/워크샵",2,"①4대보험 가입, ④야근/휴일수당",사상구,산업기계 제작 및 가공 외,선도기업
71,효원HM,복지,제조업,중소기업,"3,150","42,000","7,509",17,17,0,6,"②근로자 평균 연차 활용률(90% 이상), ③재택근무 제도, ④여성 근로자 육아휴직제도, ⑤남성 근로자 육아휴직제도, ⑥배우자 출산휴가(10일 이상), ⑦가족돌봄 휴직 및 휴가제도",5,"①직장 내 교육훈련(OJT), ②외부기관 위탁교육(연수기관 방문, 강습, 강연 등), ③해외연수/워크샵, ④자기계발비 지원(도서구입비, 교육비 지원 등), ⑤사내동호회 운영",7,"①4대보험 가입, ②퇴직연금, ③인센티브제(성과급), ④야근/휴일수당, ⑤장기근속자 포상, ⑦자녀 학자금 지원, ⑧차량 유지비 지원",강서구,조선기자재,가족친화
72,(주)리만테크,워라밸,도매 및 소매업,중소기업,"2,750","42,000","5,098",12,12,0,3,"②근로자 평균 연차 활용률(90% 이상), ④여성 근로자 육아휴직제도, ⑤남성 근로자 육아휴직제도",3,"①직장 내 교육훈련(OJT), ②외부기관 위탁교육(연수기관 방문, 강습, 강연 등), ③해외연수/워크샵",5,"①4대보험 가입, ②퇴직연금, ③인센티브제(성과급), ④야근/휴일수당, ⑤장기근속자 포상",강서구,"탭, 밸브 및 유사장치 제조업",
73,(주)밝은무역,급여,도매 및 소매업,중소기업,"2,700","58,000","165,354",32,32,0,7,"①유연근무제(탄력적 근로시간제, 시차출퇴근제 등), ②근로자 평균 연차 활용률(90% 이상), ③재택근무 제도, ④여성 근로자 육아휴직제도, ⑤남성 근로자 육아휴직제도, ⑥배우자 출산휴가(10일 이상), ⑦가족돌봄 휴직 및 휴가제도",5,"①직장 내 교육훈련(OJT), ②외부기관 위탁교육(연수기관 방문, 강습, 강연 등), ③해외연수/워크샵, ④자기계발비 지원(도서구입비, 교육비 지원 등), ⑤사내동호회 운영",8,"①4대보험 가입, ②퇴직연금, ③인센티브제(성과급), ④야근/휴일수당, ⑧차량 유지비 지원, ⑨휴양/레저 지원, ⑩의료비 지원, ⑫통신비 지원",서구,냉동 수산물,고용우수
74,주식회사 비비다컴,워라밸,도매 및 소매업,중소기업,"3,360","63,870","18,378",24,24,0,6,"①유연근무제(탄력적 근로시간제, 시차출퇴근제 등), ②근로자 평균 연차 활용률(90% 이상), ③재택근무 제도, ④여성 근로자 육아휴직제도, ⑤남성 근로자 육아휴직제도, ⑥배우자 출산휴가(10일 이상)",3,"①직장 내 교육훈련(OJT), ②외부기관 위탁교육(연수기관 방문, 강습, 강연 등), ③해외연수/워크샵",2,"①4대보험 가입, ④야근/휴일수당",부산진구,PC게임방 창업컨설팅,
75,주식회사 소셜빈,복지,도매 및 소매업,중소기업,"2,500","48,200","80,000",132,117,15,8,"①유연근무제(탄력적 근로시간제, 시차출퇴근제 등), ②근로자 평균 연차 활용률(90% 이상), ③재택근무 제도, ④여성 근로자 육아휴직제도, ⑤남성 근로자 육아휴직제도, ⑥배우자 출산휴가(10일 이상), ⑦가족돌봄 휴직 및 휴가제도, ⑧임신기 근로시간 단축 제도",3,"①직장 내 교육훈련(OJT), ②외부기관 위탁교육(연수기관 방문, 강습, 강연 등), ④자기계발비 지원(도서구입비, 교육비 지원 등)",7,"①4대보험 가입, ③인센티브제(성과급), ⑤장기근속자 포상, ⑧차량 유지비 지원, ⑨휴양/레저 지원, ⑩의료비 지원, ⑪체력단련비 지급",부산진구,"유아용품, 생활용품 제조","선도기업, 고용우수, 가족친화"
76,(주)아토무역,복지,도매 및 소매업,중소기업,"2,580","137,000","172,392",63,63,0,5,"②근로자 평균 연차 활용률(90% 이상), ③재택근무 제도, ④여성 근로자 육아휴직제도, ⑤남성 근로자 육아휴직제도, ⑥배우자 출산휴가(10일 이상)",3,"①직장 내 교육훈련(OJT), ②외부기관 위탁교육(연수기관 방문, 강습, 강연 등), ④자기계발비 지원(도서구입비, 교육비 지원 등)",7,"①4대보험 가입, ②퇴직연금, ③인센티브제(성과급), ④야근/휴일수당, ⑤장기근속자 포상, ⑧차량 유지비 지원, ⑨휴양/레저 지원",서구,냉동수산물 무역유통,
77,(주)어기야팩토리,워라밸,도매 및 소매업,중소기업,"2,500","40,000","8,496,417",27,27,0,6,"①유연근무제(탄력적 근로시간제, 시차출퇴근제 등), ②근로자 평균 연차 활용률(90% 이상), ③재택근무 제도, ④여성 근로자 육아휴직제도, ⑤남성 근로자 육아휴직제도, ⑥배우자 출산휴가(10일 이상)",2,"②외부기관 위탁교육(연수기관 방문, 강습, 강연 등), ③해외연수/워크샵",5,"①4대보험 가입, ②퇴직연금, ③인센티브제(성과급), ④야근/휴일수당, ⑧차량 유지비 지원",해운대구,소프트웨어 개발 및 공급,"선도기업, 메인비즈"
78,(주)에스엘해운항공,복지,도매 및 소매업,중소기업,"2,500","266,080","14,941",25,25,0,4,"②근로자 평균 연차 활용률(90% 이상), ④여성 근로자 육아휴직제도, ⑥배우자 출산휴가(10일 이상), ⑦가족돌봄 휴직 및 휴가제도",3,"①직장 내 교육훈련(OJT), ②외부기관 위탁교육(연수기관 방문, 강습, 강연 등), ④자기계발비 지원(도서구입비, 교육비 지원 등)",7,"①4대보험 가입, ②퇴직연금, ③인센티브제(성과급), ④야근/휴일수당, ⑤장기근속자 포상, ⑦자녀 학자금 지원, ⑧차량 유지비 지원",강서구,서비스/운송주선업,"선도기업, 강소기업"
79,(주)영롱,미래,도매 및 소매업,중소기업,"2,500","40,000","12,000",28,26,2,9,"①유연근무제(탄력적 근로시간제, 시차출퇴근제 등), ②근로자 평균 연차 활용률(90% 이상), ③재택근무 제도, ④여성 근로자 육아휴직제도, ⑤남성 근로자 육아휴직제도, ⑥배우자 출산휴가(10일 이상), ⑦가족돌봄 휴직 및 휴가제도, ⑧임신기 근로시간 단축 제도, ⑨직장 어린이집 설치",4,"①직장 내 교육훈련(OJT), ③해외연수/워크샵, ④자기계발비 지원(도서구입비, 교육비 지원 등), ⑤사내동호회 운영",9,"①4대보험 가입, ②퇴직연금, ③인센티브제(성과급), ④야근/휴일수당, ⑤장기근속자 포상, ⑧차량 유지비 지원, ⑨휴양/레저 지원, ⑩의료비 지원, ⑪체력단련비 지급",부산진구,건강기능식품,"선도기업, 강소기업"
80,(주)일렉트릭스,복지,도매 및 소매업,중소기업,"2,700","50,000","35,400",54,53,1,6,"①유연근무제(탄력적 근로시간제, 시차출퇴근제 등), ②근로자 평균 연차 활용률(90% 이상), ③재택근무 제도, ⑤남성 근로자 육아휴직제도, ⑥배우자 출산휴가(10일 이상), ⑦가족돌봄 휴직 및 휴가제도",3,"①직장 내 교육훈련(OJT), ②외부기관 위탁교육(연수기관 방문, 강습, 강연 등), ⑤사내동호회 운영",9,"①4대보험 가입, ②퇴직연금, ③인센티브제(성과급), ④야근/휴일수당, ⑤장기근속자 포상, ⑦자녀 학자금 지원, ⑨휴양/레저 지원, ⑪체력단련비 지급, ⑫통신비 지원",강서구,"전기용 기계, 로봇, 기자재",청년친화
81,(주)텐퍼센트커피,미래,도매 및 소매업,중소기업,"2,667","50,000","58,409",61,61,0,9,"①유연근무제(탄력적 근로시간제, 시차출퇴근제 등), ②근로자 평균 연차 활용률(90% 이상), ③재택근무 제도, ④여성 근로자 육아휴직제도, ⑤남성 근로자 육아휴직제도, ⑥배우자 출산휴가(10일 이상), ⑦가족돌봄 휴직 및 휴가제도, ⑧임신기 근로시간 단축 제도, ⑨직장 어린이집 설치",5,"①직장 내 교육훈련(OJT), ②외부기관 위탁교육(연수기관 방문, 강습, 강연 등), ③해외연수/워크샵, ④자기계발비 지원(도서구입비, 교육비 지원 등), ⑤사내동호회 운영",9,"①4대보험 가입, ②퇴직연금, ③인센티브제(성과급), ⑤장기근속자 포상, ⑧차량 유지비 지원, ⑨휴양/레저 지원, ⑩의료비 지원, ⑪체력단련비 지급, ⑫통신비 지원",연제구,가맹프랜차이즈사업관련,
82,주식회사 티렌토,워라밸,도매 및 소매업,중소기업,"2,500","60,000","18,578",21,21,0,7,"①유연근무제(탄력적 근로시간제, 시차출퇴근제 등), ②근로자 평균 연차 활용률(90% 이상), ③재택근무 제도, ④여성 근로자 육아휴직제도, ⑤남성 근로자 육아휴직제도, ⑥배우자 출산휴가(10일 이상), ⑦가족돌봄 휴직 및 휴가제도",3,"②외부기관 위탁교육(연수기관 방문, 강습, 강연 등), ③해외연수/워크샵, ④자기계발비 지원(도서구입비, 교육비 지원 등)",6,"①4대보험 가입, ②퇴직연금, ③인센티브제(성과급), ④야근/휴일수당, ⑤장기근속자 포상, ⑧차량 유지비 지원",수영구,가구소매업,
83,(주)푸드엔,복지,도매 및 소매업,중소기업,"2,430","32,590","141,505",86,66,20,7,"①유연근무제(탄력적 근로시간제, 시차출퇴근제 등), ②근로자 평균 연차 활용률(90% 이상), ③재택근무 제도, ④여성 근로자 육아휴직제도, ⑤남성 근로자 육아휴직제도, ⑥배우자 출산휴가(10일 이상), ⑦가족돌봄 휴직 및 휴가제도",4,"①직장 내 교육훈련(OJT), ②외부기관 위탁교육(연수기관 방문, 강습, 강연 등), ③해외연수/워크샵, ④자기계발비 지원(도서구입비, 교육비 지원 등)",8,"①4대보험 가입, ②퇴직연금, ③인센티브제(성과급), ④야근/휴일수당, ⑤장기근속자 포상, ⑥주택자금 대출, ⑦자녀 학자금 지원, ⑧차량 유지비 지원",남구,기타 가공식품 도매업,"고용우수, 청년친화, 메인비즈"
84,(주)프레드피자,미래,도매 및 소매업,중소기업,"3,360","47,760","5,860",31,29,2,5,"②근로자 평균 연차 활용률(90% 이상), ④여성 근로자 육아휴직제도, ⑤남성 근로자 육아휴직제도, ⑥배우자 출산휴가(10일 이상), ⑦가족돌봄 휴직 및 휴가제도",5,"①직장 내 교육훈련(OJT), ②외부기관 위탁교육(연수기관 방문, 강습, 강연 등), ③해외연수/워크샵, ④자기계발비 지원(도서구입비, 교육비 지원 등), ⑤사내동호회 운영",6,"①4대보험 가입, ③인센티브제(성과급), ④야근/휴일수당, ⑤장기근속자 포상, ⑧차량 유지비 지원, ⑫통신비 지원",남구,"빵류, 과자류, 당류 등 도매업",
85,주식회사 BNK시스템,급여,정보통신업,중견기업,"3,670","70,000","80,276",300,280,20,6,"①유연근무제(탄력적 근로시간제, 시차출퇴근제 등), ②근로자 평균 연차 활용률(90% 이상), ④여성 근로자 육아휴직제도, ⑤남성 근로자 육아휴직제도, ⑥배우자 출산휴가(10일 이상), ⑦가족돌봄 휴직 및 휴가제도",5,"①직장 내 교육훈련(OJT), ②외부기관 위탁교육(연수기관 방문, 강습, 강연 등), ③해외연수/워크샵, ④자기계발비 지원(도서구입비, 교육비 지원 등), ⑤사내동호회 운영",9,"①4대보험 가입, ②퇴직연금, ③인센티브제(성과급), ④야근/휴일수당, ⑤장기근속자 포상, ⑦자녀 학자금 지원, ⑧차량 유지비 지원, ⑨휴양/레저 지원, ⑩의료비 지원",강서구,컴퓨터시스템 통합 자문 및 구축 서비스업,고용우수
86,주식회사 뉴아이,미래,정보통신업,중소기업,"3,060","50,000","2,438",14,14,0,7,"①유연근무제(탄력적 근로시간제, 시차출퇴근제 등), ②근로자 평균 연차 활용률(90% 이상), ③재택근무 제도, ④여성 근로자 육아휴직제도, ⑤남성 근로자 육아휴직제도, ⑥배우자 출산휴가(10일 이상), ⑦가족돌봄 휴직 및 휴가제도",3,"①직장 내 교육훈련(OJT), ③해외연수/워크샵, ④자기계발비 지원(도서구입비, 교육비 지원 등)",9,"①4대보험 가입, ②퇴직연금, ③인센티브제(성과급), ④야근/휴일수당, ⑦자녀 학자금 지원, ⑧차량 유지비 지원, ⑨휴양/레저 지원, ⑩의료비 지원, ⑫통신비 지원",남구,"AI 솔루션 '택스아이'(부동산, 자산세금 유형)",선도기업
87,주식회사 비주얼센터,미래,정보통신업,중소기업,"2,170","46,000",873,19,18,1,5,"①유연근무제(탄력적 근로시간제, 시차출퇴근제 등), ②근로자 평균 연차 활용률(90% 이상), ④여성 근로자 육아휴직제도, ⑤남성 근로자 육아휴직제도, ⑥배우자 출산휴가(10일 이상)",5,"①직장 내 교육훈련(OJT), ②외부기관 위탁교육(연수기관 방문, 강습, 강연 등), ③해외연수/워크샵, ④자기계발비 지원(도서구입비, 교육비 지원 등), ⑤사내동호회 운영",7,"①4대보험 가입, ④야근/휴일수당, ⑤장기근속자 포상, ⑥주택자금 대출, ⑦자녀 학자금 지원, ⑧차량 유지비 지원, ⑩의료비 지원",수영구,방송물제작,"선도기업, 강소기업"
88,라이브엑스,미래,정보통신업,중소기업,"2,920","50,000","17,215",31,31,0,6,"①유연근무제(탄력적 근로시간제, 시차출퇴근제 등), ②근로자 평균 연차 활용률(90% 이상), ④여성 근로자 육아휴직제도, ⑤남성 근로자 육아휴직제도, ⑥배우자 출산휴가(10일 이상), ⑦가족돌봄 휴직 및 휴가제도",5,"①직장 내 교육훈련(OJT), ②외부기관 위탁교육(연수기관 방문, 강습, 강연 등), ③해외연수/워크샵, ④자기계발비 지원(도서구입비, 교육비 지원 등), ⑤사내동호회 운영",7,"①4대보험 가입, ②퇴직연금, ③인센티브제(성과급), ④야근/휴일수당, ⑤장기근속자 포상, ⑧차량 유지비 지원, ⑨휴양/레저 지원",부산진구,웹서비스 구축 및 디자인업 외,
89,망고클라우드(주),미래,정보통신업,중소기업,"2,667","41,200","1,800",22,22,0,5,"①유연근무제(탄력적 근로시간제, 시차출퇴근제 등), ②근로자 평균 연차 활용률(90% 이상), ④여성 근로자 육아휴직제도, ⑤남성 근로자 육아휴직제도, ⑥배우자 출산휴가(10일 이상)",1,"④자기계발비 지원(도서구입비, 교육비 지원 등)",6,"①4대보험 가입, ②퇴직연금, ③인센티브제(성과급), ④야근/휴일수당, ⑧차량 유지비 지원, ⑩의료비 지원",남구,소프트웨어 개발 및 공급,
90,(주)모두싸인,미래,정보통신업,중소기업,"2,800","70,000","9,308",126,116,10,6,"①유연근무제(탄력적 근로시간제, 시차출퇴근제 등), ③재택근무 제도, ④여성 근로자 육아휴직제도, ⑤남성 근로자 육아휴직제도, ⑥배우자 출산휴가(10일 이상), ⑦가족돌봄 휴직 및 휴가제도",4,"①직장 내 교육훈련(OJT), ②외부기관 위탁교육(연수기관 방문, 강습, 강연 등), ③해외연수/워크샵, ④자기계발비 지원(도서구입비, 교육비 지원 등)",9,"①4대보험 가입, ②퇴직연금, ③인센티브제(성과급), ④야근/휴일수당, ⑤장기근속자 포상, ⑨휴양/레저 지원, ⑩의료비 지원, ⑪체력단련비 지급, ⑫통신비 지원",해운대구,"전자계약, 전자서명 서비스",가족친화
91,(주)무스마,미래,정보통신업,중소기업,"2,500","53,870","2,778",52,52,0,7,"①유연근무제(탄력적 근로시간제, 시차출퇴근제 등), ②근로자 평균 연차 활용률(90% 이상), ③재택근무 제도, ④여성 근로자 육아휴직제도, ⑤남성 근로자 육아휴직제도, ⑥배우자 출산휴가(10일 이상), ⑦가족돌봄 휴직 및 휴가제도",4,"①직장 내 교육훈련(OJT), ②외부기관 위탁교육(연수기관 방문, 강습, 강연 등), ④자기계발비 지원(도서구입비, 교육비 지원 등), ⑤사내동호회 운영",8,"①4대보험 가입, ②퇴직연금, ③인센티브제(성과급), ④야근/휴일수당, ⑤장기근속자 포상, ⑥주택자금 대출, ⑨휴양/레저 지원, ⑩의료비 지원",수영구,"단디캠, 스마트크레인 외 안전솔루션","고용우수, 강소기업"
92,(주)블루넥스,미래,정보통신업,중소기업,"2,750","38,000","6,695",18,18,0,6,"①유연근무제(탄력적 근로시간제, 시차출퇴근제 등), ②근로자 평균 연차 활용률(90% 이상), ③재택근무 제도, ④여성 근로자 육아휴직제도, ⑤남성 근로자 육아휴직제도, ⑥배우자 출산휴가(10일 이상)",3,"①직장 내 교육훈련(OJT), ②외부기관 위탁교육(연수기관 방문, 강습, 강연 등), ④자기계발비 지원(도서구입비, 교육비 지원 등)",5,"①4대보험 가입, ②퇴직연금, ⑦자녀 학자금 지원, ⑧차량 유지비 지원, ⑫통신비 지원",중구,sw개발,"이노비즈, 가족친화"
93,앤시정보기술(주),미래,정보통신업,중소기업,"2,863","36,340","14,500",132,104,28,5,"②근로자 평균 연차 활용률(90% 이상), ④여성 근로자 육아휴직제도, ⑤남성 근로자 육아휴직제도, ⑥배우자 출산휴가(10일 이상), ⑦가족돌봄 휴직 및 휴가제도",2,"②외부기관 위탁교육(연수기관 방문, 강습, 강연 등), ④자기계발비 지원(도서구입비, 교육비 지원 등)",4,"①4대보험 가입, ③인센티브제(성과급), ④야근/휴일수당, ⑧차량 유지비 지원",해운대구,통합전산유지보수,"선도기업, 이노비즈"
94,(주)이온엠솔루션,복지,정보통신업,중소기업,"2,750","55,000","6,608",49,49,0,4,"②근로자 평균 연차 활용률(90% 이상), ④여성 근로자 육아휴직제도, ⑥배우자 출산휴가(10일 이상), ⑦가족돌봄 휴직 및 휴가제도",2,"③해외연수/워크샵, ⑤사내동호회 운영",7,"①4대보험 가입, ②퇴직연금, ④야근/휴일수당, ⑤장기근속자 포상, ⑦자녀 학자금 지원, ⑨휴양/레저 지원, ⑫통신비 지원",북구,의료정보시스템/소프트웨어 개발,"이노비즈, 강소기업"
95,(주)일주지앤에스,미래,정보통신업,중소기업,"2,500","50,000","16,000",153,153,0,5,"②근로자 평균 연차 활용률(90% 이상), ④여성 근로자 육아휴직제도, ⑤남성 근로자 육아휴직제도, ⑥배우자 출산휴가(10일 이상), ⑦가족돌봄 휴직 및 휴가제도",3,"①직장 내 교육훈련(OJT), ③해외연수/워크샵, ⑤사내동호회 운영",7,"①4대보험 가입, ②퇴직연금, ③인센티브제(성과급), ⑧차량 유지비 지원, ⑨휴양/레저 지원, ⑩의료비 지원, ⑫통신비 지원",동래구,소프트웨어,"가족친화, 고용우수, 강소기업"
96,(주)투핸즈인터랙티브,워라밸,정보통신업,중소기업,"2,830","50,000","5,005",13,13,0,6,"②근로자 평균 연차 활용률(90% 이상), ③재택근무 제도, ④여성 근로자 육아휴직제도, ⑤남성 근로자 육아휴직제도, ⑥배우자 출산휴가(10일 이상), ⑦가족돌봄 휴직 및 휴가제도",1,"②외부기관 위탁교육(연수기관 방문, 강습, 강연 등)",9,"①4대보험 가입, ②퇴직연금, ③인센티브제(성과급), ④야근/휴일수당, ⑤장기근속자 포상, ⑧차량 유지비 지원, ⑩의료비 지원, ⑪체력단련비 지급, ⑫통신비 지원",해운대구,디딤/멀티미디어 교육용 소프트웨어,선도기업
97,디자인글꼴,미래,과학 및 기술서비스업,중소기업,"3,060","47,910","2,590",28,26,2,5,"①유연근무제(탄력적 근로시간제, 시차출퇴근제 등), ②근로자 평균 연차 활용률(90% 이상), ③재택근무 제도, ④여성 근로자 육아휴직제도, ⑦가족돌봄 휴직 및 휴가제도",3,"①직장 내 교육훈련(OJT), ②외부기관 위탁교육(연수기관 방문, 강습, 강연 등), ③해외연수/워크샵",4,"①4대보험 가입, ②퇴직연금, ④야근/휴일수당, ⑤장기근속자 포상",부산진구,"출판,인쇄,디자인,문구,팬시",
98,(주)라스텍,워라밸,과학 및 기술서비스업,중소기업,"2,910","50,000","5,325",52,48,4,7,"①유연근무제(탄력적 근로시간제, 시차출퇴근제 등), ②근로자 평균 연차 활용률(90% 이상), ③재택근무 제도, ④여성 근로자 육아휴직제도, ⑤남성 근로자 육아휴직제도, ⑥배우자 출산휴가(10일 이상), ⑦가족돌봄 휴직 및 휴가제도",5,"①직장 내 교육훈련(OJT), ②외부기관 위탁교육(연수기관 방문, 강습, 강연 등), ③해외연수/워크샵, ④자기계발비 지원(도서구입비, 교육비 지원 등), ⑤사내동호회 운영",9,"①4대보험 가입, ②퇴직연금, ③인센티브제(성과급), ④야근/휴일수당, ⑤장기근속자 포상, ⑧차량 유지비 지원, ⑨휴양/레저 지원, ⑩의료비 지원, ⑫통신비 지원",강서구,엔지니어링 서비스,"가족친화, 메인비즈, 고용우수"
99,주식회사아뮤즈,워라밸,과학 및 기술서비스업,중소기업,"2,500","39,140","2,853",51,51,0,6,"①유연근무제(탄력적 근로시간제, 시차출퇴근제 등), ②근로자 평균 연차 활용률(90% 이상), ③재택근무 제도, ④여성 근로자 육아휴직제도, ⑤남성 근로자 육아휴직제도, ⑥배우자 출산휴가(10일 이상)",5,"①직장 내 교육훈련(OJT), ②외부기관 위탁교육(연수기관 방문, 강습, 강연 등), ③해외연수/워크샵, ④자기계발비 지원(도서구입비, 교육비 지원 등), ⑤사내동호회 운영",8,"①4대보험 가입, ②퇴직연금, ③인센티브제(성과급), ④야근/휴일수당, ⑤장기근속자 포상, ⑧차량 유지비 지원, ⑨휴양/레저 지원, ⑫통신비 지원",부산진구,소프트웨어개발 및 디자인,가족친화
100,(주)엘투플랜,미래,과학 및 기술서비스업,중소기업,"2,390","45,740","2,600",20,17,3,6,"①유연근무제(탄력적 근로시간제, 시차출퇴근제 등), ②근로자 평균 연차 활용률(90% 이상), ③재택근무 제도, ④여성 근로자 육아휴직제도, ⑤남성 근로자 육아휴직제도, ⑥배우자 출산휴가(10일 이상)",3,"①직장 내 교육훈련(OJT), ③해외연수/워크샵, ④자기계발비 지원(도서구입비, 교육비 지원 등)",9,"①4대보험 가입, ②퇴직연금, ③인센티브제(성과급), ④야근/휴일수당, ⑤장기근속자 포상, ⑥주택자금 대출, ⑧차량 유지비 지원, ⑩의료비 지원, ⑪체력단련비 지급",남구,"광고대행, 전시.컨벤션 및 행사대행 등",
101,(주)웰비아이,워라밸,과학 및 기술서비스업,중소기업,"2,600","44,000","6,173",33,33,0,7,"①유연근무제(탄력적 근로시간제, 시차출퇴근제 등), ②근로자 평균 연차 활용률(90% 이상), ③재택근무 제도, ④여성 근로자 육아휴직제도, ⑤남성 근로자 육아휴직제도, ⑥배우자 출산휴가(10일 이상), ⑦가족돌봄 휴직 및 휴가제도",4,"①직장 내 교육훈련(OJT), ②외부기관 위탁교육(연수기관 방문, 강습, 강연 등), ③해외연수/워크샵, ④자기계발비 지원(도서구입비, 교육비 지원 등)",4,"①4대보험 가입, ④야근/휴일수당, ⑩의료비 지원, ⑪체력단련비 지급",해운대구,광고대행업,
102,(주)이커넥트,복지,과학 및 기술서비스업,중소기업,"2,500","39,900","48,000",50,50,0,2,"②근로자 평균 연차 활용률(90% 이상), ④여성 근로자 육아휴직제도",2,"④자기계발비 지원(도서구입비, 교육비 지원 등), ⑤사내동호회 운영",3,"①4대보험 가입, ②퇴직연금, ③인센티브제(성과급)",해운대구,사주나루 / 미므아(화장품),
103,(주)저스트컴퍼니,미래,과학 및 기술서비스업,중소기업,"2,400","45,360","9,661",22,22,0,5,"②근로자 평균 연차 활용률(90% 이상), ④여성 근로자 육아휴직제도, ⑤남성 근로자 육아휴직제도, ⑥배우자 출산휴가(10일 이상), ⑦가족돌봄 휴직 및 휴가제도",3,"①직장 내 교육훈련(OJT), ②외부기관 위탁교육(연수기관 방문, 강습, 강연 등), ③해외연수/워크샵",6,"①4대보험 가입, ②퇴직연금, ③인센티브제(성과급), ④야근/휴일수당, ⑧차량 유지비 지원, ⑫통신비 지원",연제구,육가공 프랜차이즈,메인비즈
104,(주)아인텔레서비스,복지,사업시설관리 및 사업지원 서비스업,대기업,"3,000","45,260","81,442",644,635,9,5,"①유연근무제(탄력적 근로시간제, 시차출퇴근제 등), ④여성 근로자 육아휴직제도, ⑤남성 근로자 육아휴직제도, ⑥배우자 출산휴가(10일 이상), ⑦가족돌봄 휴직 및 휴가제도",5,"①직장 내 교육훈련(OJT), ②외부기관 위탁교육(연수기관 방문, 강습, 강연 등), ③해외연수/워크샵, ④자기계발비 지원(도서구입비, 교육비 지원 등), ⑤사내동호회 운영",10,"①4대보험 가입, ②퇴직연금, ③인센티브제(성과급), ④야근/휴일수당, ⑤장기근속자 포상, ⑦자녀 학자금 지원, ⑨휴양/레저 지원, ⑩의료비 지원, ⑪체력단련비 지급, ⑫통신비 지원",사상구,LG유플러스 모바일 고객센터,
105,S.O.K management,워라밸,사업시설관리 및 사업지원 서비스업,중소기업,"2,580","25,980","3,000",17,17,0,8,"①유연근무제(탄력적 근로시간제, 시차출퇴근제 등), ②근로자 평균 연차 활용률(90% 이상), ③재택근무 제도, ④여성 근로자 육아휴직제도, ⑤남성 근로자 육아휴직제도, ⑥배우자 출산휴가(10일 이상), ⑦가족돌봄 휴직 및 휴가제도, ⑨직장 어린이집 설치",5,"①직장 내 교육훈련(OJT), ②외부기관 위탁교육(연수기관 방문, 강습, 강연 등), ③해외연수/워크샵, ④자기계발비 지원(도서구입비, 교육비 지원 등), ⑤사내동호회 운영",6,"①4대보험 가입, ②퇴직연금, ③인센티브제(성과급), ④야근/휴일수당, ⑧차량 유지비 지원, ⑪체력단련비 지급",해운대구,축제·전시·기타 행사 기획 및 운영,
106,부산항인력관리(주),미래,사업시설관리 및 사업지원 서비스업,중소기업,"2,833","40,000","19,605",568,255,313,4,"④여성 근로자 육아휴직제도, ⑤남성 근로자 육아휴직제도, ⑥배우자 출산휴가(10일 이상), ⑦가족돌봄 휴직 및 휴가제도",5,"①직장 내 교육훈련(OJT), ②외부기관 위탁교육(연수기관 방문, 강습, 강연 등), ③해외연수/워크샵, ④자기계발비 지원(도서구입비, 교육비 지원 등), ⑤사내동호회 운영",7,"①4대보험 가입, ②퇴직연금, ③인센티브제(성과급), ④야근/휴일수당, ⑤장기근속자 포상, ⑧차량 유지비 지원, ⑫통신비 지원",남구,부두장비 기사용역업,
107,(주)씨앤,워라밸,사업시설관리 및 사업지원 서비스업,중소기업,"2,500","43,490","2,366",26,26,0,5,"①유연근무제(탄력적 근로시간제, 시차출퇴근제 등), ②근로자 평균 연차 활용률(90% 이상), ③재택근무 제도, ④여성 근로자 육아휴직제도, ⑥배우자 출산휴가(10일 이상)",3,"①직장 내 교육훈련(OJT), ③해외연수/워크샵, ④자기계발비 지원(도서구입비, 교육비 지원 등)",6,"①4대보험 가입, ②퇴직연금, ③인센티브제(성과급), ⑤장기근속자 포상, ⑧차량 유지비 지원, ⑪체력단련비 지급",중구,항공 발권 및 MICE,"가족친화, 우수기업"
108,(주)지엠네트웍스,복지,사업시설관리 및 사업지원 서비스업,중소기업,"2,300","29,800","10,109",256,22,234,4,"④여성 근로자 육아휴직제도, ⑤남성 근로자 육아휴직제도, ⑥배우자 출산휴가(10일 이상), ⑦가족돌봄 휴직 및 휴가제도",5,"①직장 내 교육훈련(OJT), ②외부기관 위탁교육(연수기관 방문, 강습, 강연 등), ③해외연수/워크샵, ④자기계발비 지원(도서구입비, 교육비 지원 등), ⑤사내동호회 운영",5,"①4대보험 가입, ②퇴직연금, ③인센티브제(성과급), ④야근/휴일수당, ⑤장기근속자 포상",남구,여행보조서비스 및 의전 알선업,고용우수
109,(주)동륜물류,워라밸,운수 및 창고업,중소기업,"3,050","50,000","20,571",24,23,1,5,"①유연근무제(탄력적 근로시간제, 시차출퇴근제 등), ②근로자 평균 연차 활용률(90% 이상), ④여성 근로자 육아휴직제도, ⑤남성 근로자 육아휴직제도, ⑥배우자 출산휴가(10일 이상)",3,"①직장 내 교육훈련(OJT), ③해외연수/워크샵, ⑤사내동호회 운영",4,"①4대보험 가입, ②퇴직연금, ④야근/휴일수당, ⑤장기근속자 포상",중구,컨테이너 운송,선도기업
110,레오나해운항공(주),복지,운수 및 창고업,중소기업,"2,500","51,490","16,916",67,67,0,2,"①유연근무제(탄력적 근로시간제, 시차출퇴근제 등), ④여성 근로자 육아휴직제도",4,"①직장 내 교육훈련(OJT), ②외부기관 위탁교육(연수기관 방문, 강습, 강연 등), ③해외연수/워크샵, ④자기계발비 지원(도서구입비, 교육비 지원 등)",9,"①4대보험 가입, ②퇴직연금, ③인센티브제(성과급), ④야근/휴일수당, ⑤장기근속자 포상, ⑧차량 유지비 지원, ⑩의료비 지원, ⑪체력단련비 지급, ⑫통신비 지원",해운대구,화물운송 중개 등 관련 서비스업,"고용우수, 가족친화"
111,바른로지스틱스(주),복지,운수 및 창고업,중소기업,"2,660","55,730","8,695",46,45,1,4,"④여성 근로자 육아휴직제도, ⑤남성 근로자 육아휴직제도, ⑥배우자 출산휴가(10일 이상), ⑦가족돌봄 휴직 및 휴가제도",2,"①직장 내 교육훈련(OJT), ④자기계발비 지원(도서구입비, 교육비 지원 등)",9,"①4대보험 가입, ③인센티브제(성과급), ④야근/휴일수당, ⑤장기근속자 포상, ⑧차량 유지비 지원, ⑨휴양/레저 지원, ⑩의료비 지원, ⑪체력단련비 지급, ⑫통신비 지원",서구,"국제물류주선업, 해운중개업 외",
112,(주)케이티마린,미래,운수 및 창고업,중소기업,"2,583","58,280","25,241",19,19,0,5,"①유연근무제(탄력적 근로시간제, 시차출퇴근제 등), ②근로자 평균 연차 활용률(90% 이상), ③재택근무 제도, ④여성 근로자 육아휴직제도, ⑤남성 근로자 육아휴직제도",3,"②외부기관 위탁교육(연수기관 방문, 강습, 강연 등), ③해외연수/워크샵, ⑥운영하고 있는 교육·훈련 프로그램이 없음",8,"①4대보험 가입, ②퇴직연금, ③인센티브제(성과급), ⑤장기근속자 포상, ⑧차량 유지비 지원, ⑨휴양/레저 지원, ⑩의료비 지원, ⑫통신비 지원",영도구,외항 화물 운송업,"고용우수, 메인비즈, 선도기업, 청년친화"
113,천지개발(주),급여,건설업,중소기업,"3,580","58,690","99,069",135,122,13,4,"①유연근무제(탄력적 근로시간제, 시차출퇴근제 등), ②근로자 평균 연차 활용률(90% 이상), ④여성 근로자 육아휴직제도, ⑥배우자 출산휴가(10일 이상)",3,"①직장 내 교육훈련(OJT), ②외부기관 위탁교육(연수기관 방문, 강습, 강연 등), ④자기계발비 지원(도서구입비, 교육비 지원 등)",5,"①4대보험 가입, ②퇴직연금, ③인센티브제(성과급), ⑤장기근속자 포상, ⑧차량 유지비 지원",금정구,토공사 외,여성친화
114,(주)힘콤,급여,건설업,중소기업,"2,880","88,600","35,143",78,78,0,6,"①유연근무제(탄력적 근로시간제, 시차출퇴근제 등), ②근로자 평균 연차 활용률(90% 이상), ④여성 근로자 육아휴직제도, ⑤남성 근로자 육아휴직제도, ⑥배우자 출산휴가(10일 이상), ⑦가족돌봄 휴직 및 휴가제도",5,"①직장 내 교육훈련(OJT), ②외부기관 위탁교육(연수기관 방문, 강습, 강연 등), ③해외연수/워크샵, ④자기계발비 지원(도서구입비, 교육비 지원 등), ⑤사내동호회 운영",11,"①4대보험 가입, ②퇴직연금, ③인센티브제(성과급), ④야근/휴일수당, ⑤장기근속자 포상, ⑥주택자금 대출, ⑦자녀 학자금 지원, ⑧차량 유지비 지원, ⑨휴양/레저 지원, ⑩의료비 지원, ⑫통신비 지원",북구,통신서비스,"고용우수, 강소기업"
115,(주)고려저축은행,미래,금융 및 보험업,대기업,"3,000","40,000","148,384",167,160,7,6,"②근로자 평균 연차 활용률(90% 이상), ③재택근무 제도, ④여성 근로자 육아휴직제도, ⑤남성 근로자 육아휴직제도, ⑥배우자 출산휴가(10일 이상), ⑦가족돌봄 휴직 및 휴가제도",5,"①직장 내 교육훈련(OJT), ②외부기관 위탁교육(연수기관 방문, 강습, 강연 등), ③해외연수/워크샵, ④자기계발비 지원(도서구입비, 교육비 지원 등), ⑤사내동호회 운영",8,"①4대보험 가입, ②퇴직연금, ③인센티브제(성과급), ⑤장기근속자 포상, ⑥주택자금 대출, ⑦자녀 학자금 지원, ⑩의료비 지원, ⑫통신비 지원",동구,상호저축은행,가족친화
116,리더스손해사정주식회사,미래,금융 및 보험업,중소기업,"2,160","39,360","48,843",885,885,0,6,"②근로자 평균 연차 활용률(90% 이상), ④여성 근로자 육아휴직제도, ⑤남성 근로자 육아휴직제도, ⑥배우자 출산휴가(10일 이상), ⑦가족돌봄 휴직 및 휴가제도, ⑧임신기 근로시간 단축 제도",3,"①직장 내 교육훈련(OJT), ③해외연수/워크샵, ⑤사내동호회 운영",7,"①4대보험 가입, ②퇴직연금, ③인센티브제(성과급), ④야근/휴일수당, ⑤장기근속자 포상, ⑧차량 유지비 지원, ⑫통신비 지원",동구,손해사정,고용우수
117,(의)영재의료재단 큰솔병원,워라밸,보건업 및 사회복지 서비스업,중견기업,"2,910","68,670","45,290",570,501,69,5,"②근로자 평균 연차 활용률(90% 이상), ④여성 근로자 육아휴직제도, ⑤남성 근로자 육아휴직제도, ⑥배우자 출산휴가(10일 이상), ⑦가족돌봄 휴직 및 휴가제도",2,"①직장 내 교육훈련(OJT), ④자기계발비 지원(도서구입비, 교육비 지원 등)",10,"①4대보험 가입, ③인센티브제(성과급), ④야근/휴일수당, ⑤장기근속자 포상, ⑦자녀 학자금 지원, ⑧차량 유지비 지원, ⑨휴양/레저 지원, ⑩의료비 지원, ⑪체력단련비 지급, ⑫통신비 지원",사상구,"재활의학과,내과,종합검진센터",
118,이샘병원,복지,보건업 및 사회복지 서비스업,중소기업,"2,500","57,000","43,907",501,463,38,6,"①유연근무제(탄력적 근로시간제, 시차출퇴근제 등), ②근로자 평균 연차 활용률(90% 이상), ④여성 근로자 육아휴직제도, ⑤남성 근로자 육아휴직제도, ⑥배우자 출산휴가(10일 이상), ⑦가족돌봄 휴직 및 휴가제도",2,"①직장 내 교육훈련(OJT), ②외부기관 위탁교육(연수기관 방문, 강습, 강연 등)",7,"①4대보험 가입, ②퇴직연금, ③인센티브제(성과급), ④야근/휴일수당, ⑤장기근속자 포상, ⑧차량 유지비 지원, ⑩의료비 지원",부산진구,보건업및사회복지서비스,고용우수
119,(주)엑스텍코리아,워라밸,교육서비스업,중소기업,"3,160","55,000","1,951",21,21,0,5,"②근로자 평균 연차 활용률(90% 이상), ④여성 근로자 육아휴직제도, ⑤남성 근로자 육아휴직제도, ⑥배우자 출산휴가(10일 이상), ⑦가족돌봄 휴직 및 휴가제도",3,"③해외연수/워크샵, ④자기계발비 지원(도서구입비, 교육비 지원 등), ⑤사내동호회 운영",6,"①4대보험 가입, ②퇴직연금, ③인센티브제(성과급), ④야근/휴일수당, ⑤장기근속자 포상, ⑧차량 유지비 지원",해운대구,방폭 위탁 교육훈련업 외,
120,(주)아난티코브,미래,숙박 및 음식점업,중견기업,"2,500","38,000","82,564",442,430,12,5,"②근로자 평균 연차 활용률(90% 이상), ④여성 근로자 육아휴직제도, ⑤남성 근로자 육아휴직제도, ⑥배우자 출산휴가(10일 이상), ⑦가족돌봄 휴직 및 휴가제도",5,"①직장 내 교육훈련(OJT), ②외부기관 위탁교육(연수기관 방문, 강습, 강연 등), ③해외연수/워크샵, ④자기계발비 지원(도서구입비, 교육비 지원 등), ⑤사내동호회 운영",6,"①4대보험 가입, ③인센티브제(성과급), ④야근/휴일수당, ⑤장기근속자 포상, ⑨휴양/레저 지원, ⑫통신비 지원",기장군,호텔/리조트,고용우수
